year,System,Algorithm,Network,Database,Data,Analysis,Design
1996,1000,558.2851638,481.6955684,363.6801541,360.7899807,351.6377649,323.2177264
1997,1000,546.5949821,518.3691756,393.8172043,354.8387097,343.1899642,330.6451613
1998,1000,514.3101239,456.6424605,437.8470739,368.21871,346.8603161,311.4053823
1999,1000,443.6248683,434.4924482,425.711275,339.655778,323.1471725,258.8689849
2000,1000,523.0607966,452.1313767,443.0468204,352.9000699,313.0677848,255.0663871
2001,1000,541.3011696,510.2339181,488.6695906,355.628655,298.9766082,225.1461988
2002,1000,494.8655257,468.4596577,453.7897311,340.3422983,303.1784841,190.2200489
